UserId,compName,name,password,domain,email,number
1,Twimbo,Francisca Grand,3kmH1XwP9BDU,Agent,fgrand0@archive.org,(438) 3843222
2,Zoozzy,Emelyne Massen,420T4K7HK,Agent,emassen1@uiuc.edu,(309) 8481266
3,Gigabox,Gasparo Alforde,taSe03MU,Agent,galforde2@vimeo.com,(333) 3280882
4,Fliptune,Gayle Budleigh,x9zLlsVxeWJv,Agent,gbudleigh3@pbs.org,(678) 7297885
5,Mycat,Pansy Meggison,SrLiYDsf1oNB,Agent,pmeggison4@plala.or.jp,(253) 1379225
6,Linklinks,Daile Adamovitch,L3GcHxaIFT,Agent,dadamovitch5@ning.com,(543) 7637577
7,Wikizz,Hubey Birchett,lWSIiBLoydHe,Agent,hbirchett6@whitehouse.gov,(563) 1937244
8,Kanoodle,Gustie Gwillym,fPhHXdLTzq,Agent,ggwillym7@ebay.com,(415) 4581127
9,Blogspan,Johnathan Withinshaw,FnGrfEEhCZ,Agent,jwithinshaw8@drupal.org,(814) 6811476
10,Browsezoom,Katalin O'Flynn,aIjhCCMU,Agent,koflynn9@51.la,(650) 6035997
11,Dabfeed,Ashly Neller,nAhNquyveHU,Agent,anellera@statcounter.com,(590) 9520704
12,Oyonder,Georgie Worman,U5VH2Hi,Agent,gwormanb@wired.com,(951) 6188240
13,Feedmix,Massimo Lording,uxXhIBKLC5,Agent,mlordingc@stanford.edu,(675) 4102025
14,Edgeclub,Pieter Patek,JQAc5FYo,Agent,ppatekd@newyorker.com,(273) 7398284
15,Meezzy,Salaidh Bagnold,wkPdb6DN,Agent,sbagnolde@reverbnation.com,(944) 2726738
16,Pixoboo,Jerad Dorkins,y0UGmI0,Agent,jdorkinsf@gravatar.com,(187) 9362034
17,Thoughtmix,Pauli Konzelmann,hREP2yQv,Agent,pkonzelmanng@latimes.com,(793) 6890834
18,Einti,Georgeanne Cominoli,JTyUmbvFy,Agent,gcominolih@disqus.com,(688) 2797187
19,Gigazoom,Maritsa Francklin,7B1gBM1V8J2,Agent,mfrancklini@infoseek.co.jp,(111) 4389723
20,Yodel,Budd Wederell,OfaO5n8QbH,Agent,bwederellj@biblegateway.com,(162) 3000037
21,Flipopia,Drugi Gullberg,NM8T5g,Agent,dgullbergk@goodreads.com,(338) 5865058
22,Trilith,Aluino Gammell,sfF2uic,Agent,agammelll@over-blog.com,(407) 9994987
23,Youspan,Niel Itskovitz,vswPVUXbe5,Agent,nitskovitzm@columbia.edu,(182) 3798270
24,Oyonder,Nestor Armsden,ym1NT1RqlEgg,Agent,narmsdenn@reverbnation.com,(904) 9307928
25,Voonder,Kissiah Martinson,tWaWTAfRxZ4S,Agent,kmartinsono@dedecms.com,(779) 2717879
26,Lazz,Dmitri Tams,1fLRk9XvvCK,Agent,dtamsp@webeden.co.uk,(117) 1790665
27,Flipopia,Julee Withinshaw,mokVlqUhRok,Agent,jwithinshawq@engadget.com,(352) 9692092
28,Voonder,Rosette Gawith,5htT387gQhoY,Agent,rgawithr@ed.gov,(345) 2506859
29,Jatri,Donna Gonnin,ILsdeM,Agent,dgonnins@nasa.gov,(610) 2133952
30,Mita,Ariel Roles,kD1C5fUn,Agent,arolest@google.de,(533) 2353248
31,Dabvine,Kimble Londors,FbWIUtrqI2d2,Agent,klondorsu@is.gd,(807) 2408237
32,Meevee,Saunderson Benko,DTfcRKa1H9H,Agent,sbenkov@ehow.com,(648) 2797368
33,Yabox,Morganne Wright,JOZLpqc,Agent,mwrightw@e-recht24.de,(433) 8240157
34,Wikibox,Carny Culpan,A1D1LGfjOOe5,Agent,cculpanx@surveymonkey.com,(740) 5851878
35,Innotype,Carmon Tschirschky,gnJRxlN,Agent,ctschirschkyy@huffingtonpost.com,(928) 2858876
36,Photofeed,Alameda Maslin,D8HByY,Agent,amaslinz@icio.us,(313) 5176352
37,Buzzster,Brit Baudou,7mvAGx902,Agent,bbaudou10@com.com,(227) 6201319
38,Gabspot,Lib Samweyes,gzgiy3eh5,Agent,lsamweyes11@unicef.org,(284) 4381108
39,Plambee,Gretta Hedon,aOcSFwMMLsc,Agent,ghedon12@smugmug.com,(538) 6015614
40,Centimia,Kirby Roser,V5q2lhPl4QYJ,Agent,kroser13@diigo.com,(629) 1093030
41,Gigazoom,Edsel Plevey,F3G40Mlhv,Agent,eplevey14@prlog.org,(622) 5260358
42,Topicblab,Alli Dils,jOqEwRBrE,Agent,adils15@webmd.com,(309) 9662526
43,Voonyx,Lelia Wimmer,7A4wj8y7Ah,Agent,lwimmer16@cnbc.com,(698) 4601019
44,Mydo,Constancy Treleven,ePvuqo6ty,Agent,ctreleven17@ocn.ne.jp,(864) 5294312
45,Centizu,Mylo Gonthard,URzVH4jMe2xk,Agent,mgonthard18@home.pl,(177) 4702931
46,Skynoodle,Emalee Klement,4QTe8nZ7nv,Agent,eklement19@amazonaws.com,(787) 6269981
47,Yodel,Vivienne Gerrels,KTeIIwd,Agent,vgerrels1a@indiegogo.com,(187) 9536927
48,Topicblab,Chloette Baldinotti,cTz1gvetqdZ,Agent,cbaldinotti1b@stumbleupon.com,(784) 3974722
49,Aivee,Jania Lamplough,7aArVY4Rgkg,Agent,jlamplough1c@jiathis.com,(521) 6500901
50,Voonte,Fletch Dunton,8kKi1Oxy,Agent,fdunton1d@wikispaces.com,(802) 4963711
51,Quimm,Germain Crosham,TF0df1S,Agent,gcrosham1e@eepurl.com,(433) 1467956
52,Youfeed,Fleming Gonet,qE1W2Nqj748,Agent,fgonet1f@amazon.co.uk,(409) 2247872
53,Jayo,Delmor Pfiffer,b22yt6QA,Agent,dpfiffer1g@tamu.edu,(858) 5636096
54,Topiclounge,Patric Bohman,eQq3P9qDAf1N,Agent,pbohman1h@dailymail.co.uk,(272) 6146600
55,Brainbox,Anita Asche,ln6aseyQa5FR,Agent,aasche1i@smugmug.com,(248) 7222107
56,Zoonder,Kennie Noyce,MsZebEHG,Agent,knoyce1j@cbsnews.com,(414) 7225909
57,Twitterworks,Robyn Tolomei,1xf9eYOC3kbr,Agent,rtolomei1k@washington.edu,(846) 3563259
58,Meezzy,Dianemarie Dayne,yJycO1SBpil,Agent,ddayne1l@storify.com,(807) 3687909
59,Bluejam,Hermia Spellecy,B6ko5GXVdZ,Agent,hspellecy1m@123-reg.co.uk,(791) 6314801
60,Linklinks,Adriaens Beirne,WC8T74,Agent,abeirne1n@mediafire.com,(655) 5502507
61,Wikizz,Stillman Giamo,iZ5XWM7,Agent,sgiamo1o@wsj.com,(863) 2308230
62,Leenti,Margie Fenby,DlyPFwQC,Agent,mfenby1p@alibaba.com,(954) 7793206
63,Browsedrive,Ronna Healeas,Of3G9oKjDz,Agent,rhealeas1q@sciencedirect.com,(733) 7992594
64,Youspan,Tawnya Spriggen,IvUE41F,Agent,tspriggen1r@twitter.com,(974) 5667723
65,Gevee,Eugenie Bridgett,3wyLnlwesTQ,Agent,ebridgett1s@chicagotribune.com,(413) 2951856
66,Skinix,Terrijo McLenahan,Y94AvvQ7v,Agent,tmclenahan1t@360.cn,(272) 3420858
67,BlogXS,Darsey Prisley,7lVhRjB00h,Agent,dprisley1u@wordpress.com,(804) 2526727
68,Buzzbean,Ari Yushin,ambLQw,Agent,ayushin1v@newsvine.com,(653) 2560746
69,Ozu,Verney Waldie,JIqlfm08,Agent,vwaldie1w@tripod.com,(174) 7320522
70,Livefish,Ripley Gyurkovics,U0cbwALNr1W7,Agent,rgyurkovics1x@cornell.edu,(618) 7015180
71,Topiclounge,Gwenore Million,0Hci1OT9Q,Agent,gmillion1y@cam.ac.uk,(706) 4911947
72,Bubbletube,Jennilee Oppery,2HBBmX5HJC,Agent,joppery1z@so-net.ne.jp,(413) 9812330
73,Camido,Nichole Ruske,i4GrMEM,Agent,nruske20@biglobe.ne.jp,(289) 7069045
74,Photobug,Hort McKiddin,pk8hEwqHiR,Agent,hmckiddin21@smugmug.com,(447) 6547663
75,Buzzbean,Cammie Dredge,naVBzPM8a5,Agent,cdredge22@ox.ac.uk,(304) 4034398
76,Linktype,Jerri Toone,PttFaSRTbi3,Agent,jtoone23@wunderground.com,(549) 8095711
77,Avamba,Heidie Elphinston,VcdsUte,Agent,helphinston24@bing.com,(231) 6574727
78,Abatz,Boot Le Sarr,kWpYSDzwqcOQ,Agent,ble25@cmu.edu,(951) 8886114
79,Yodo,Auroora Mendoza,FYlxKi,Agent,amendoza26@bizjournals.com,(189) 8787887
80,Fadeo,Blaine Davana,7F7uJ4GgwbAG,Agent,bdavana27@umn.edu,(550) 4131460
81,Fivechat,Bent Pidgen,GfSsxU6,Agent,bpidgen28@soundcloud.com,(695) 7387389
82,Zoomdog,Guthry Beamont,n5mhFMXeDpc2,Agent,gbeamont29@senate.gov,(602) 1677108
83,Jabbersphere,Conny Pharro,GMkM1wIID,Agent,cpharro2a@nifty.com,(317) 8354653
84,Gigaclub,Massimiliano Brigge,JOhaKr,Agent,mbrigge2b@imageshack.us,(964) 1420567
85,Lazzy,Perl Caygill,QVYxrW,Agent,pcaygill2c@cnet.com,(630) 9408737
86,Devcast,Kari Dufour,zqB5D5N6,Agent,kdufour2d@over-blog.com,(986) 3238408
87,Ntag,Kimmi Driussi,Tqo641Uskq,Agent,kdriussi2e@nsw.gov.au,(991) 2551755
88,Yacero,Tailor Ody,jV6LL0,Agent,tody2f@xing.com,(253) 6195995
89,Ozu,Lilla Losty,Uxu3jQa,Agent,llosty2g@people.com.cn,(858) 4138109
90,Centimia,Trudy Brislane,w2DPfo9,Agent,tbrislane2h@seesaa.net,(651) 6641734
91,Tavu,Rogerio Carrier,7D74Rx6lbL,Agent,rcarrier2i@ning.com,(668) 7088084
92,Viva,Rivkah Favela,jUDGDRy5m,Agent,rfavela2j@cocolog-nifty.com,(508) 2415771
93,Npath,Drusi Macvain,SvwuOi0hQ,Agent,dmacvain2k@ucla.edu,(412) 2102924
94,Chatterpoint,Woodrow Temlett,PXBSPJRwtN,Agent,wtemlett2l@theglobeandmail.com,(183) 7457746
95,Twiyo,Susannah Pinkie,k8phwQMZY,Agent,spinkie2m@smugmug.com,(108) 2115278
96,Pixonyx,Perla Handman,tZKKHXJL,Agent,phandman2n@shinystat.com,(131) 3818834
97,Trilith,Carmelle Drohun,6xPvnOIKhra,Agent,cdrohun2o@ucsd.edu,(189) 1833049
98,Twitterlist,Sanson Vasyunichev,5e6t9BKsQax,Agent,svasyunichev2p@sfgate.com,(405) 6368965
99,Gabspot,Jessey Grece,cQfaN8,Agent,jgrece2q@phpbb.com,(949) 5206993
100,Fadeo,Lanie Poskitt,O485Kpqi2d,Agent,lposkitt2r@1und1.de,(919) 7702292
101,Mynte,Jana Marshfield,tIIpYqWqgp41,Agent,jmarshfield2s@tamu.edu,(705) 5442284
102,Photobug,Alano Tallis,XJUd7ZBT,Agent,atallis2t@apache.org,(849) 7313961
103,Gigashots,Isidoro Boakes,6IfdwDX2l,Agent,iboakes2u@printfriendly.com,(159) 7012616
104,Yodo,Michele La Batie,cFHRHys,Agent,mla2v@issuu.com,(962) 2397231
105,Gigazoom,Bevvy Thursfield,CCRxi07oGEvt,Agent,bthursfield2w@fastcompany.com,(496) 9114292
106,Edgeblab,Floyd Doughtery,60hhQMlu,Agent,fdoughtery2x@cnet.com,(216) 7006588
107,Minyx,Tad Whannel,8mqL7Oa5F,Agent,twhannel2y@hugedomains.com,(971) 4840837
108,Plajo,Keith Olechnowicz,VLKEewLOKgWG,Agent,kolechnowicz2z@accuweather.com,(613) 8442892
109,Babblestorm,Marguerite Chatters,PLgthC,Agent,mchatters30@google.ru,(869) 2747791
110,Twimm,Ximenes Habbert,kcMANYyuIj6,Agent,xhabbert31@flavors.me,(846) 4087049
111,Fatz,Edgard Fautley,UoUhlE7I,Agent,efautley32@opensource.org,(984) 4967575
112,Avamba,Nedda Heeps,NtcY2LzJ,Agent,nheeps33@so-net.ne.jp,(924) 5496770
113,Eidel,Anastassia Wincom,Be2uIbZEx,Agent,awincom34@uiuc.edu,(371) 1676927
114,Youspan,Kelly Brobeck,ND6bu28RmjgA,Agent,kbrobeck35@netvibes.com,(657) 8322300
115,Quaxo,Celinka Greener,iI9VTKIjm95,Agent,cgreener36@canalblog.com,(603) 8313569
116,Oyondu,Sunny Kenvin,w8LeWUKh,Agent,skenvin37@unblog.fr,(697) 2502678
117,Aimbu,Jacky Dealtry,GsybdGD,Agent,jdealtry38@bluehost.com,(408) 8557188
118,Edgeify,Brandy Skeemer,rrhAMM,Agent,bskeemer39@weibo.com,(101) 5518489
119,Devpulse,Glory Benedicto,ZfZb79Yakg0,Agent,gbenedicto3a@sitemeter.com,(820) 6597734
120,Tagopia,Raymond Shorto,fdl95o1i94,Agent,rshorto3b@github.io,(503) 3329806
121,Jayo,Rudyard Titterell,mieapqkkeDE7,Agent,rtitterell3c@soundcloud.com,(716) 5076502
122,Topiclounge,Waldemar Maggi,EF1w4AzWDNxH,Agent,wmaggi3d@harvard.edu,(239) 3322631
123,Zoomcast,Sella Goldin,heRngCwELl2,Agent,sgoldin3e@springer.com,(869) 6045545
124,Jaxbean,Raychel Koene,gRvCpB,Agent,rkoene3f@ifeng.com,(920) 5613880
125,Gevee,Kristoffer Shailer,Ie5PvG,Agent,kshailer3g@weebly.com,(586) 1609920
126,Skipfire,Taite Petracek,SCpIgZh3Rs1,Agent,tpetracek3h@unblog.fr,(913) 5182538
127,Skimia,Melonie Kennham,4hpJx0S,Agent,mkennham3i@boston.com,(206) 3844116
128,Yabox,Hurley Le Brom,jqmTeXNVxLx,Agent,hle3j@elegantthemes.com,(144) 1758285
129,Mymm,Ulrick Kasting,Ec3if29iUb,Agent,ukasting3k@slideshare.net,(468) 2853096
130,Eidel,Creight Armer,DIHcFW7,Agent,carmer3l@illinois.edu,(517) 1663136
131,Rhybox,Ravid Dilland,BcXCjIoEb0t,Agent,rdilland3m@alexa.com,(411) 7669609
132,Eadel,Emmye Mingotti,5ETI3mw,Agent,emingotti3n@fotki.com,(630) 9628835
133,Rhyzio,Thayne McAneny,eP23KsA,Agent,tmcaneny3o@unblog.fr,(392) 8879875
134,Miboo,Florrie Bowcher,qwRovQCA,Agent,fbowcher3p@xinhuanet.com,(856) 7054743
135,Buzzster,Brig Mauger,DYEj4q,Agent,bmauger3q@thetimes.co.uk,(817) 9233506
136,Yotz,Domenic Bernardotti,w1PsEo,Agent,dbernardotti3r@psu.edu,(803) 6497216
137,Kwideo,Quinlan Wait,rJ9DRx3Df,Agent,qwait3s@printfriendly.com,(706) 9102260
138,Dabtype,Carlene Boumphrey,oTfv4uOt0Og,Agent,cboumphrey3t@usa.gov,(691) 3141912
139,Jayo,Georgena Pomphrett,RDAPtaAzCj,Agent,gpomphrett3u@dot.gov,(526) 1506065
140,DabZ,Moreen Schwant,vhH7LvyNoHq,Agent,mschwant3v@privacy.gov.au,(400) 5550479
141,Agivu,Beltran Soppit,gWQGrWQW,Agent,bsoppit3w@bloglovin.com,(269) 1632807
142,Skynoodle,Koral Sprankling,g53scRgn,Agent,ksprankling3x@skyrock.com,(319) 5841337
143,Buzzdog,Alfi Yegorev,PNW0DCJc,Agent,ayegorev3y@smh.com.au,(859) 7189550
144,Skinder,Alwin Barkhouse,1Nz8dhpQ,Agent,abarkhouse3z@google.com.br,(865) 4040284
145,Eidel,Tomkin Suttell,ZWlLf1i79,Agent,tsuttell40@soup.io,(182) 2266789
146,Devbug,Em Tothe,Msrq6A,Agent,etothe41@cnet.com,(577) 5605994
147,Browsebug,Carolyne Kliement,3jK7oWYDJ,Agent,ckliement42@nationalgeographic.com,(238) 9764873
148,Npath,Den Paragreen,0u5y92Bd,Agent,dparagreen43@ocn.ne.jp,(653) 6385428
149,Zoomcast,Johannah Matitiaho,PXbVqzQH,Agent,jmatitiaho44@statcounter.com,(713) 7481388
150,Eayo,Ave Labusquiere,1zIKBEA0Qg8h,Agent,alabusquiere45@miitbeian.gov.cn,(902) 1515011
151,Gigazoom,Marijn Ede,xXjPyh,Agent,mede46@addthis.com,(107) 1516092
152,Skinix,Jessy Hemerijk,C3h0W04geVsg,Agent,jhemerijk47@mlb.com,(172) 5926011
153,Fatz,Jaclyn Folbig,6oI7x1s,Agent,jfolbig48@salon.com,(431) 1950521
154,Trilith,Leland Schiementz,06rF1iqV,Agent,lschiementz49@edublogs.org,(932) 8216399
155,Zoonder,Cristal Scarrott,Afdm2Szw,Agent,cscarrott4a@state.tx.us,(334) 9660210
156,Voomm,Gisella Abelevitz,DtZXG7KH,Agent,gabelevitz4b@wikia.com,(620) 9913371
157,LiveZ,Dorie Eckley,H7vob01io,Agent,deckley4c@reverbnation.com,(116) 8455748
158,Pixoboo,Deanna Paybody,fTcvC6,Agent,dpaybody4d@topsy.com,(896) 9333331
159,Devpoint,Patten Weins,Tql03GER,Agent,pweins4e@hatena.ne.jp,(968) 8381924
160,Realfire,Courtnay Jerwood,4Gvj8X8Wm00f,Agent,cjerwood4f@newsvine.com,(670) 6556024
161,Oloo,Fey Hooban,RuLdRC1HU,Agent,fhooban4g@walmart.com,(894) 3086950
162,Tekfly,Alfred O'Neill,0mIqcPmC2b,Agent,aoneill4h@hao123.com,(438) 2780616
163,Centimia,Jana Grigolashvill,s2ZODpsWs9w,Agent,jgrigolashvill4i@dedecms.com,(139) 6272185
164,Photofeed,Malynda Dudgeon,SIT3Z8o,Agent,mdudgeon4j@squarespace.com,(290) 1665235
165,Kaymbo,Hercule I'anson,gUNDlod,Agent,hianson4k@auda.org.au,(552) 7010349
166,Zazio,Fenelia Rubinchik,DyA15pnuJ,Agent,frubinchik4l@over-blog.com,(758) 6541411
167,Izio,Chloe Churn,CMrc0oeuTr,Agent,cchurn4m@reference.com,(912) 9242034
168,Divape,Lisette Hartas,FaWRc3Ld3O,Agent,lhartas4n@telegraph.co.uk,(526) 1269014
169,Riffwire,Kalinda Stennes,La3e6NN8,Agent,kstennes4o@omniture.com,(461) 4134105
170,Jayo,Mavra Kerr,UpgBnEh,Agent,mkerr4p@usa.gov,(701) 1384233
171,Eire,Lurline Klement,XNQcmz,Agent,lklement4q@vistaprint.com,(392) 5811119
172,Tagtune,Janna Gouthier,UuLuEnG6v,Agent,jgouthier4r@dropbox.com,(740) 6292590
173,Avamm,Samson Cominello,vBDQ5dT83,Agent,scominello4s@flickr.com,(790) 9472701
174,Fatz,Melisa Nials,MLXiZhe,Agent,mnials4t@usnews.com,(543) 9869416
175,Thoughtstorm,Vinny Britner,NR3qZ4Axz54,Agent,vbritner4u@vinaora.com,(186) 8595605
176,Buzzster,Sampson Clearley,2HSAITfLlM,Agent,sclearley4v@businessinsider.com,(118) 7763939
177,Bubblebox,Celisse Brandone,2nvaYjYx1,Agent,cbrandone4w@berkeley.edu,(680) 7269693
178,Devify,Rodolphe Mountfort,WnGfj0,Agent,rmountfort4x@google.co.uk,(432) 9050264
179,Mynte,Sherlocke McKyrrelly,z5PzHtlSS,Agent,smckyrrelly4y@zdnet.com,(985) 7415573
180,Fliptune,Dorree Darracott,iCMMN1U,Agent,ddarracott4z@blog.com,(171) 4650400
181,Chatterbridge,Kristyn Monelli,8bH71Tyx,Agent,kmonelli50@sun.com,(961) 8170463
182,Twitternation,Vonnie Fronczak,N4aYp3muK9qq,Agent,vfronczak51@163.com,(859) 5221238
183,Myworks,Duky Korfmann,yW0fpe,Agent,dkorfmann52@simplemachines.org,(865) 2515763
184,Gabtune,Chip Britner,ItUYgFf63,Agent,cbritner53@bloomberg.com,(989) 7662340
185,Kwimbee,Averil Dulson,2gZRtiyAUz,Agent,adulson54@slate.com,(413) 9113133
186,Oozz,Dalt Chessill,MbilPAoOE,Agent,dchessill55@bluehost.com,(931) 3646357
187,Teklist,Rena Jaukovic,j3h17B9SYhb,Agent,rjaukovic56@over-blog.com,(728) 3091383
188,Kamba,Ole Ranaghan,puxFMqqzehqE,Agent,oranaghan57@rambler.ru,(561) 4230418
189,Jaxbean,Debbi Ickovitz,xHMMVjLgUtvk,Agent,dickovitz58@imdb.com,(770) 9872052
190,Janyx,Damara Fulstow,shSErdFqEU3,Agent,dfulstow59@seattletimes.com,(159) 7073953
191,Rhyzio,Carilyn Stenbridge,EFbGNiWUR,Agent,cstenbridge5a@apple.com,(122) 5503712
192,Rhyzio,Casie Gaukrodge,KYnrSH08yPdJ,Agent,cgaukrodge5b@issuu.com,(951) 8849590
193,Izio,Joya Dobbison,oOLeAX,Agent,jdobbison5c@dmoz.org,(406) 7913678
194,Twinder,Rozina Clougher,gEnnw3z,Agent,rclougher5d@gravatar.com,(504) 6388842
195,Blogtag,Willard Lammie,Gxw1w99KcT,Agent,wlammie5e@samsung.com,(716) 3724535
196,Livetube,Justin Cutmare,rV63z5Sz6Dj,Agent,jcutmare5f@bluehost.com,(927) 4207941
197,Shufflebeat,Ingunna Simonetto,7WH1F8RDXxY,Agent,isimonetto5g@loc.gov,(503) 8771380
198,Livepath,Glenda Salkild,Ja7jOOna,Agent,gsalkild5h@tamu.edu,(934) 3604084
199,Quimba,Clemmie Hasnip,py20GjfnGz,Agent,chasnip5i@opera.com,(975) 4197008
200,Jaxworks,Frasquito MacConnell,CgQE2BOYOOQ,Agent,fmacconnell5j@amazon.co.jp,(702) 9522253
